{"cameraMode":{"drawMode":0,"name":"Shaded","section":"Shading Mode"},"sceneLighting":false,"audioPlay":false,"sceneViewState":{"showFog":true,"showMaterialUpdate":false,"showSkybox":true,"showFlares":true,"showImageEffects":true,"showParticleSystems":true},"in2DMode":false,"pivot":{"x":-112.95979309082031,"y":-72.6067886352539,"z":-55.199317932128909},"rotation":{"x":0.15656974911689759,"y":-0.711010217666626,"z":0.16746345162391663,"w":0.6647604703903198},"size":202.24163818359376,"orthographic":false}