{"cameraMode":{"drawMode":0,"name":"Shaded","section":"Shading Mode"},"sceneLighting":false,"audioPlay":false,"sceneViewState":{"showFog":true,"showMaterialUpdate":false,"showSkybox":true,"showFlares":true,"showImageEffects":true,"showParticleSystems":true},"in2DMode":false,"pivot":{"x":-0.08944642543792725,"y":0.2550312876701355,"z":-0.7665226459503174},"rotation":{"x":0.08922619372606278,"y":0.7638148069381714,"z":0.10817555338144303,"w":-0.6300188302993774},"size":1.4986833333969117,"orthographic":false}