{"cameraMode":{"drawMode":0,"name":"Shaded","section":"Shading Mode"},"sceneLighting":false,"audioPlay":false,"sceneViewState":{"showFog":true,"showMaterialUpdate":false,"showSkybox":true,"showFlares":true,"showImageEffects":true,"showParticleSystems":true},"in2DMode":false,"pivot":{"x":2.2983837127685549,"y":2.118068218231201,"z":0.01626300811767578},"rotation":{"x":-0.08429056406021118,"y":0.8564839363098145,"z":-0.14817695319652558,"w":-0.4872104525566101},"size":3.6919007301330568,"orthographic":false}