{"cameraMode":{"drawMode":0,"name":"Shaded","section":"Shading Mode"},"sceneLighting":true,"audioPlay":false,"sceneViewState":{"showFog":true,"showMaterialUpdate":false,"showSkybox":true,"showFlares":true,"showImageEffects":true,"showParticleSystems":true},"in2DMode":false,"pivot":{"x":18.063457489013673,"y":0.9132232666015625,"z":-31.195220947265626},"rotation":{"x":-0.6752493977546692,"y":-0.04239469766616821,"z":0.03892917558550835,"w":-0.7353403568267822},"size":31.029651641845704,"orthographic":false}